{"eu-021_7_test.jpg": [], "eu-004_7_test.jpg": [[200.61167907714844, 1136.5367431640625, 1426.896728515625, 1782.5921630859375]], "eu-012_1_test.jpg": [], "us-035a_2_test.jpg": [[200.1134796142578, 266.3077697753906, 1406.6766357421875, 1670.5389404296875]], "eu-021_0_test.jpg": [], "us-024_5_test.jpg": [[86.62395477294922, 273.58660888671875, 1560.964599609375, 650.22265625], [84.1606674194336, 757.5595703125, 1535.8931884765625, 1776.7020263671875]], "us-012_0_test.jpg": [[232.4216766357422, 347.14508056640625, 1472.64697265625, 1326.2296142578125]], "eu-001_1_test.jpg": [[269.0438537597656, 1110.802490234375, 1364.0260009765625, 1772.710205078125], [265.35760498046875, 282.1073303222656, 1371.388427734375, 1004.330810546875]], "eu-013_2_test.jpg": [[206.4589385986328, 1781.907470703125, 1416.2247314453125, 1928.9727783203125]], "us-013_0_test.jpg": [], "us-026_0_test.jpg": [[126.31180572509766, 592.1744995117188, 1505.3643798828125, 1093.9942626953125]], "us-033_0_test.jpg": [[195.42762756347656, 312.5367736816406, 2009.2752685546875, 855.3424072265625]], "us-024_2_test.jpg": [[120.40727996826172, 764.1587524414062, 1583.0418701171875, 1714.1640625], [120.40216064453125, 293.45263671875, 1589.779296875, 678.9681396484375]], "us-018_4_test.jpg": [[76.52257537841797, 163.29855346679688, 1584.96142578125, 1061.376220703125]], "eu-004_8_test.jpg": [[300.3504333496094, 386.23040771484375, 1337.570068359375, 1025.129150390625]], "us-025_2_test.jpg": [[91.06591033935547, 760.635986328125, 1562.26025390625, 1224.3790283203125], [89.3668441772461, 279.1833801269531, 1573.92138671875, 552.0164794921875], [92.03055572509766, 1450.6331787109375, 1549.70654296875, 1700.818359375]], "us-001_2_test.jpg": [[139.23886108398438, 280.7276916503906, 1555.9495849609375, 707.5411987304688]], "us-034_2_test.jpg": [], "eu-018_0_test.jpg": [[248.83575439453125, 1169.3702392578125, 1388.26220703125, 1573.4383544921875], [249.19520568847656, 355.33935546875, 1413.7694091796875, 641.6473388671875]], "us-007_0_test.jpg": [], "eu-004_2_test.jpg": [[219.7546844482422, 1644.346435546875, 1416.266845703125, 1820.85595703125]], "eu-016_0_test.jpg": [[326.69012451171875, 591.5422973632812, 1293.360595703125, 1113.281494140625]], "us-022_2_test.jpg": [], "us-024_4_test.jpg": [[123.60913848876953, 777.1488647460938, 1571.49267578125, 1837.7445068359375], [118.18379211425781, 279.97979736328125, 1588.680419921875, 677.523681640625]], "eu-013_4_test.jpg": [[213.0535125732422, 1282.2255859375, 1404.6297607421875, 1383.331787109375]], "us-024_0_test.jpg": [], "us-037_0_test.jpg": [[221.51651000976562, 878.887939453125, 1516.779052734375, 1041.4742431640625], [202.14585876464844, 327.4039611816406, 1552.116943359375, 483.3551025390625]], "us-013_2_test.jpg": [], "us-018_6_test.jpg": [[74.47038269042969, 202.96560668945312, 1585.064208984375, 1176.17041015625]], "eu-024_2_test.jpg": [], "eu-005_0_test.jpg": [], "eu-004_9_test.jpg": [[297.2287292480469, 299.5469970703125, 1335.26611328125, 910.8338623046875]], "us-011a_2_test.jpg": [[227.46856689453125, 554.7281494140625, 1441.7353515625, 1046.075927734375]], "us-020_5_test.jpg": [], "us-040_1_test.jpg": [[160.31639099121094, 327.3602294921875, 1412.2713623046875, 718.532470703125]], "us-015_0_test.jpg": [], "us-027_1_test.jpg": [[1104.1519775390625, 411.5173645019531, 1525.8018798828125, 696.0144653320312]], "eu-004_1_test.jpg": [[207.6416015625, 1237.8477783203125, 1418.2880859375, 1897.2186279296875], [214.47268676757812, 280.453125, 1434.8114013671875, 943.931884765625]], "eu-024_0_test.jpg": [], "eu-013_8_test.jpg": [], "eu-007_3_test.jpg": [], "eu-011_2_test.jpg": [[177.3918914794922, 854.84130859375, 1396.1060791015625, 1021.13623046875]], "eu-004_4_test.jpg": [], "us-040_0_test.jpg": [], "eu-017_1_test.jpg": [[243.24696350097656, 375.423828125, 1389.772705078125, 1495.6346435546875]], "us-020_4_test.jpg": [[140.46331787109375, 246.29498291015625, 1593.3521728515625, 575.2039794921875]], "eu-017_0_test.jpg": [[261.4127197265625, 381.0616455078125, 1401.267333984375, 956.41796875]], "eu-004_6_test.jpg": [[213.2033233642578, 704.2570190429688, 1422.654296875, 1348.4339599609375]], "eu-015_0_test.jpg": [[177.30328369140625, 250.45748901367188, 980.1325073242188, 884.2274780273438]], "eu-022_2_test.jpg": [], "us-027_0_test.jpg": [], "us-038_0_test.jpg": [], "eu-026_5_test.jpg": [[219.3792724609375, 748.06005859375, 1397.7647705078125, 897.2416381835938]], "eu-021_4_test.jpg": [], "eu-011_0_test.jpg": [], "us-033_1_test.jpg": [[196.9910125732422, 1023.5181884765625, 1499.370361328125, 1334.177978515625], [197.86875915527344, 1552.0220947265625, 1491.0145263671875, 1761.7137451171875]], "eu-012_2_test.jpg": [[214.42385864257812, 1546.2686767578125, 1423.55078125, 1751.245361328125]], "us-015_3_test.jpg": [[210.70449829101562, 239.74514770507812, 2016.559326171875, 1390.3780517578125]], "us-002_1_test.jpg": [], "us-038_2_test.jpg": [], "us-032_0_test.jpg": [[423.2086181640625, 614.6295166015625, 1508.63671875, 1334.97412109375]], "eu-020_2_test.jpg": [[168.90084838867188, 266.6588439941406, 993.9261474609375, 464.6693420410156]], "us-028_1_test.jpg": [], "us-014_1_test.jpg": [[206.5116729736328, 939.0711669921875, 1466.31494140625, 1339.71533203125]], "eu-001_0_test.jpg": [[260.4061279296875, 1197.8343505859375, 1359.5721435546875, 1649.871826171875]], "eu-004_14_test.jpg": [], "us-008_2_test.jpg": [[217.7911834716797, 316.7967834472656, 1474.8314208984375, 654.2054443359375]], "us-040_2_test.jpg": [], "us-007_1_test.jpg": [[201.6752471923828, 253.4513702392578, 1494.1072998046875, 1657.197265625]], "eu-004_12_test.jpg": [], "eu-021_2_test.jpg": [[162.93060302734375, 264.6392517089844, 993.458740234375, 1361.3590087890625]], "eu-013_6_test.jpg": [], "eu-012_6_test.jpg": [], "eu-017_2_test.jpg": [], "us-023_0_test.jpg": [], "us-017_6_test.jpg": [[79.68932342529297, 197.3765869140625, 1583.9681396484375, 1205.7001953125]], "eu-014_1_test.jpg": [[210.29718017578125, 1528.402587890625, 1419.4427490234375, 1943.135986328125]], "us-023_2_test.jpg": [[94.45011138916016, 319.8236389160156, 1570.6453857421875, 633.4552001953125]], "us-022_0_test.jpg": [], "eu-005_1_test.jpg": [[209.27915954589844, 1035.0255126953125, 1433.1468505859375, 1654.32666015625], [342.90234375, 395.2070007324219, 1284.2451171875, 952.5245361328125]], "us-010_2_test.jpg": [], "us-017_4_test.jpg": [[79.64210510253906, 203.34674072265625, 1583.8292236328125, 1205.3597412109375]], "us-008_1_test.jpg": [], "eu-003_0_test.jpg": [[250.50181579589844, 1194.30908203125, 1427.393310546875, 1951.92626953125], [242.351806640625, 396.5771789550781, 1439.926513671875, 602.6531982421875], [248.70298767089844, 744.494140625, 1434.44677734375, 1071.3128662109375]], "us-033_2_test.jpg": [], "eu-021_6_test.jpg": [[173.91700744628906, 231.69924926757812, 997.9937133789062, 1408.6190185546875]], "us-019_3_test.jpg": [[92.80343627929688, 952.4686889648438, 1553.35498046875, 1249.6732177734375], [82.35698699951172, 148.47906494140625, 1587.291015625, 600.9441528320312]], "eu-020_0_test.jpg": [], "us-039_1_test.jpg": [[425.34918212890625, 432.8158874511719, 1253.4010009765625, 847.86279296875]], "us-019_1_test.jpg": [], "us-002_2_test.jpg": [[215.41641235351562, 577.387939453125, 1499.455322265625, 852.3531494140625], [212.31710815429688, 1138.8660888671875, 1491.535400390625, 1339.913330078125], [212.7290496826172, 1464.1025390625, 1488.5372314453125, 1651.796630859375]], "us-011a_0_test.jpg": [], "us-003_0_test.jpg": [[226.4779815673828, 848.6477661132812, 1452.112548828125, 1026.079345703125]], "us-007_3_test.jpg": [], "eu-026_1_test.jpg": [], "us-001_0_test.jpg": [[139.83279418945312, 730.0697021484375, 1542.52099609375, 1579.5721435546875]], "eu-007_4_test.jpg": [[257.05853271484375, 1111.6370849609375, 1372.671875, 1855.2265625]], "us-016_1_test.jpg": [[253.9410858154297, 256.2757263183594, 1444.2801513671875, 920.3087768554688]], "us-006_1_test.jpg": [], "us-023_1_test.jpg": [],