{"0": 2.778361344537815, "1": 2.778361344537815, "2": 2.778361344537815, "3": 2.778361344537815, "4": 2.778361344537815, "5": 2.778361344537815, "6": 2.778361344537815, "7": 2.778361344537815, "8": 2.778361344537815}