{"0": 2.7780304996107708, "1": 2.7780304996107708}