{"0": 2.778361344537815, "1": 2.778361344537815, "2": 2.778361344537815}