{"0": 2.7780304996107708, "1": 2.7780304996107708, "2": 2.7780304996107708, "3": 2.7780304996107708, "4": 2.7780304996107708, "5": 2.7780304996107708, "6": 2.7780304996107708, "7": 2.7780304996107708, "8": 2.7780304996107708, "9": 2.7780304996107708, "10": 2.7780304996107708, "11": 2.7780304996107708}