{"0": 2.778361344537815, "1": 2.778361344537815, "2": 2.778361344537815, "3": 2.778361344537815, "4": 2.778361344537815}