{"0": 2.7765387619761195, "1": 2.7765387619761195, "2": 2.7765387619761195, "3": 2.7765387619761195, "4": 2.7765387619761195, "5": 2.7765387619761195}