{"0": 2.7777777777777777, "1": 2.7777777777777777, "2": 2.7777777777777777, "3": 2.7777777777777777}