{"0": 2.7777777777777777, "1": 2.7777777777777777, "2": 2.7777777777777777, "3": 2.7777777777777777, "4": 2.7777777777777777, "5": 2.7777777777777777, "6": 2.7777777777777777}